{
  "accessibilityPrompt": true,
  "alwaysOnTop": false,
  "arch": "x64",
  "asar": false,
  "blockExternalUrls": false,
  "bounce": false,
  "buildDate": 1670330636559,
  "clearCache": false,
  "counter": false,
  "darwinDarkModeSupport": false,
  "disableContextMenu": false,
  "disableDevTools": true,
  "disableGpu": false,
  "disableOldBuildWarning": false,
  "electronVersionUsed": "19.1.4",
  "enableEs3Apis": false,
  "fastQuit": false,
  "fullScreen": false,
  "height": 800,
  "hideWindowFrame": false,
  "ignoreCertificate": false,
  "ignoreGpuBlacklist": false,
  "insecure": false,
  "isUpgrade": false,
  "name": "JeFlow",
  "nativefierVersion": "50.0.1",
  "portable": false,
  "quiet": false,
  "showMenuBar": false,
  "singleInstance": true,
  "strictInternalUrls": false,
  "targetUrl": "http://127.0.0.1:8000/",
  "tray": "false",
  "userAgentHonest": false,
  "width": 1280,
  "widevine": false,
  "win32metadata": {
    "ProductName": "JeFlow",
    "InternalName": "JeFlow",
    "FileDescription": "JeFlow"
  },
  "zoom": 1,
  "oldBuildWarningText": ""
}